ts,service,metric,value
2026-09-14T08:40:00Z,inventory-api,cpu_pct,37.74
2026-09-14T08:40:00Z,inventory-api,memory_pct,50.24
2026-09-14T08:40:00Z,inventory-api,latency_p99_ms,157.41
2026-09-14T08:40:00Z,inventory-api,error_rate_pct,0.09
2026-09-14T08:40:00Z,inventory-api,rps,186.18
2026-09-14T08:41:00Z,inventory-api,cpu_pct,37.36
2026-09-14T08:41:00Z,inventory-api,memory_pct,49.36
2026-09-14T08:41:00Z,inventory-api,latency_p99_ms,158.59
2026-09-14T08:41:00Z,inventory-api,error_rate_pct,0.11
2026-09-14T08:41:00Z,inventory-api,rps,177.30
2026-09-14T08:42:00Z,inventory-api,cpu_pct,33.27
2026-09-14T08:42:00Z,inventory-api,memory_pct,49.87
2026-09-14T08:42:00Z,inventory-api,latency_p99_ms,157.24
2026-09-14T08:42:00Z,inventory-api,error_rate_pct,0.08
2026-09-14T08:42:00Z,inventory-api,rps,186.39
2026-09-14T08:43:00Z,inventory-api,cpu_pct,37.42
2026-09-14T08:43:00Z,inventory-api,memory_pct,50.57
2026-09-14T08:43:00Z,inventory-api,latency_p99_ms,163.30
2026-09-14T08:43:00Z,inventory-api,error_rate_pct,0.08
2026-09-14T08:43:00Z,inventory-api,rps,184.50
2026-09-14T08:44:00Z,inventory-api,cpu_pct,34.02
2026-09-14T08:44:00Z,inventory-api,memory_pct,51.26
2026-09-14T08:44:00Z,inventory-api,latency_p99_ms,144.87
2026-09-14T08:44:00Z,inventory-api,error_rate_pct,0.09
2026-09-14T08:44:00Z,inventory-api,rps,187.61
2026-09-14T08:45:00Z,inventory-api,cpu_pct,35.57
2026-09-14T08:45:00Z,inventory-api,memory_pct,51.35
2026-09-14T08:45:00Z,inventory-api,latency_p99_ms,155.21
2026-09-14T08:45:00Z,inventory-api,error_rate_pct,0.13
2026-09-14T08:45:00Z,inventory-api,rps,187.53
2026-09-14T08:46:00Z,inventory-api,cpu_pct,36.37
2026-09-14T08:46:00Z,inventory-api,memory_pct,50.70
2026-09-14T08:46:00Z,inventory-api,latency_p99_ms,156.51
2026-09-14T08:46:00Z,inventory-api,error_rate_pct,0.07
2026-09-14T08:46:00Z,inventory-api,rps,176.32
2026-09-14T08:47:00Z,inventory-api,cpu_pct,36.36
2026-09-14T08:47:00Z,inventory-api,memory_pct,50.45
2026-09-14T08:47:00Z,inventory-api,latency_p99_ms,138.65
2026-09-14T08:47:00Z,inventory-api,error_rate_pct,0.12
2026-09-14T08:47:00Z,inventory-api,rps,183.27
2026-09-14T08:48:00Z,inventory-api,cpu_pct,37.95
2026-09-14T08:48:00Z,inventory-api,memory_pct,51.99
2026-09-14T08:48:00Z,inventory-api,latency_p99_ms,135.09
2026-09-14T08:48:00Z,inventory-api,error_rate_pct,0.11
2026-09-14T08:48:00Z,inventory-api,rps,183.56
2026-09-14T08:49:00Z,inventory-api,cpu_pct,37.33
2026-09-14T08:49:00Z,inventory-api,memory_pct,52.53
2026-09-14T08:49:00Z,inventory-api,latency_p99_ms,162.00
2026-09-14T08:49:00Z,inventory-api,error_rate_pct,0.10
2026-09-14T08:49:00Z,inventory-api,rps,173.07
2026-09-14T08:50:00Z,inventory-api,cpu_pct,37.55
2026-09-14T08:50:00Z,inventory-api,memory_pct,52.08
2026-09-14T08:50:00Z,inventory-api,latency_p99_ms,163.24
2026-09-14T08:50:00Z,inventory-api,error_rate_pct,0.08
2026-09-14T08:50:00Z,inventory-api,rps,174.45
2026-09-14T08:51:00Z,inventory-api,cpu_pct,37.15
2026-09-14T08:51:00Z,inventory-api,memory_pct,51.31
2026-09-14T08:51:00Z,inventory-api,latency_p99_ms,148.02
2026-09-14T08:51:00Z,inventory-api,error_rate_pct,0.10
2026-09-14T08:51:00Z,inventory-api,rps,179.80
2026-09-14T08:52:00Z,inventory-api,cpu_pct,35.39
2026-09-14T08:52:00Z,inventory-api,memory_pct,52.93
2026-09-14T08:52:00Z,inventory-api,latency_p99_ms,153.44
2026-09-14T08:52:00Z,inventory-api,error_rate_pct,0.08
2026-09-14T08:52:00Z,inventory-api,rps,172.77
2026-09-14T08:53:00Z,inventory-api,cpu_pct,34.08
2026-09-14T08:53:00Z,inventory-api,memory_pct,53.27
2026-09-14T08:53:00Z,inventory-api,latency_p99_ms,145.01
2026-09-14T08:53:00Z,inventory-api,error_rate_pct,0.12
2026-09-14T08:53:00Z,inventory-api,rps,178.01
2026-09-14T08:54:00Z,inventory-api,cpu_pct,34.74
2026-09-14T08:54:00Z,inventory-api,memory_pct,52.85
2026-09-14T08:54:00Z,inventory-api,latency_p99_ms,154.63
2026-09-14T08:54:00Z,inventory-api,error_rate_pct,0.08
2026-09-14T08:54:00Z,inventory-api,rps,176.53
2026-09-14T08:55:00Z,inventory-api,cpu_pct,36.40
2026-09-14T08:55:00Z,inventory-api,memory_pct,53.56
2026-09-14T08:55:00Z,inventory-api,latency_p99_ms,144.47
2026-09-14T08:55:00Z,inventory-api,error_rate_pct,0.12
2026-09-14T08:55:00Z,inventory-api,rps,178.90
2026-09-14T08:56:00Z,inventory-api,cpu_pct,33.70
2026-09-14T08:56:00Z,inventory-api,memory_pct,52.69
2026-09-14T08:56:00Z,inventory-api,latency_p99_ms,161.66
2026-09-14T08:56:00Z,inventory-api,error_rate_pct,0.08
2026-09-14T08:56:00Z,inventory-api,rps,184.61
2026-09-14T08:57:00Z,inventory-api,cpu_pct,37.19
2026-09-14T08:57:00Z,inventory-api,memory_pct,54.27
2026-09-14T08:57:00Z,inventory-api,latency_p99_ms,154.08
2026-09-14T08:57:00Z,inventory-api,error_rate_pct,0.08
2026-09-14T08:57:00Z,inventory-api,rps,179.87
2026-09-14T08:58:00Z,inventory-api,cpu_pct,36.59
2026-09-14T08:58:00Z,inventory-api,memory_pct,52.58
2026-09-14T08:58:00Z,inventory-api,latency_p99_ms,159.74
2026-09-14T08:58:00Z,inventory-api,error_rate_pct,0.07
2026-09-14T08:58:00Z,inventory-api,rps,180.67
2026-09-14T08:59:00Z,inventory-api,cpu_pct,37.64
2026-09-14T08:59:00Z,inventory-api,memory_pct,53.17
2026-09-14T08:59:00Z,inventory-api,latency_p99_ms,141.83
2026-09-14T08:59:00Z,inventory-api,error_rate_pct,0.11
2026-09-14T08:59:00Z,inventory-api,rps,177.67
2026-09-14T09:00:00Z,inventory-api,cpu_pct,36.83
2026-09-14T09:00:00Z,inventory-api,memory_pct,53.20
2026-09-14T09:00:00Z,inventory-api,latency_p99_ms,137.03
2026-09-14T09:00:00Z,inventory-api,error_rate_pct,0.12
2026-09-14T09:00:00Z,inventory-api,rps,182.25
2026-09-14T09:01:00Z,inventory-api,cpu_pct,35.55
2026-09-14T09:01:00Z,inventory-api,memory_pct,54.98
2026-09-14T09:01:00Z,inventory-api,latency_p99_ms,163.13
2026-09-14T09:01:00Z,inventory-api,error_rate_pct,0.08
2026-09-14T09:01:00Z,inventory-api,rps,185.73
2026-09-14T09:02:00Z,inventory-api,cpu_pct,34.32
2026-09-14T09:02:00Z,inventory-api,memory_pct,54.30
2026-09-14T09:02:00Z,inventory-api,latency_p99_ms,136.92
2026-09-14T09:02:00Z,inventory-api,error_rate_pct,0.09
2026-09-14T09:02:00Z,inventory-api,rps,186.72
2026-09-14T09:03:00Z,inventory-api,cpu_pct,37.07
2026-09-14T09:03:00Z,inventory-api,memory_pct,55.13
2026-09-14T09:03:00Z,inventory-api,latency_p99_ms,135.45
2026-09-14T09:03:00Z,inventory-api,error_rate_pct,0.12
2026-09-14T09:03:00Z,inventory-api,rps,186.83
2026-09-14T09:04:00Z,inventory-api,cpu_pct,37.18
2026-09-14T09:04:00Z,inventory-api,memory_pct,54.50
2026-09-14T09:04:00Z,inventory-api,latency_p99_ms,144.69
2026-09-14T09:04:00Z,inventory-api,error_rate_pct,0.07
2026-09-14T09:04:00Z,inventory-api,rps,174.65
2026-09-14T09:05:00Z,inventory-api,cpu_pct,33.81
2026-09-14T09:05:00Z,inventory-api,memory_pct,54.08
2026-09-14T09:05:00Z,inventory-api,latency_p99_ms,153.70
2026-09-14T09:05:00Z,inventory-api,error_rate_pct,0.08
2026-09-14T09:05:00Z,inventory-api,rps,184.53
2026-09-14T09:06:00Z,inventory-api,cpu_pct,32.60
2026-09-14T09:06:00Z,inventory-api,memory_pct,55.90
2026-09-14T09:06:00Z,inventory-api,latency_p99_ms,136.38
2026-09-14T09:06:00Z,inventory-api,error_rate_pct,0.13
2026-09-14T09:06:00Z,inventory-api,rps,173.31
2026-09-14T09:07:00Z,inventory-api,cpu_pct,37.30
2026-09-14T09:07:00Z,inventory-api,memory_pct,55.93
2026-09-14T09:07:00Z,inventory-api,latency_p99_ms,136.47
2026-09-14T09:07:00Z,inventory-api,error_rate_pct,0.09
2026-09-14T09:07:00Z,inventory-api,rps,177.01
2026-09-14T09:08:00Z,inventory-api,cpu_pct,37.17
2026-09-14T09:08:00Z,inventory-api,memory_pct,55.53
2026-09-14T09:08:00Z,inventory-api,latency_p99_ms,135.90
2026-09-14T09:08:00Z,inventory-api,error_rate_pct,0.09
2026-09-14T09:08:00Z,inventory-api,rps,182.03
2026-09-14T09:09:00Z,inventory-api,cpu_pct,35.37
2026-09-14T09:09:00Z,inventory-api,memory_pct,55.07
2026-09-14T09:09:00Z,inventory-api,latency_p99_ms,142.64
2026-09-14T09:09:00Z,inventory-api,error_rate_pct,0.11
2026-09-14T09:09:00Z,inventory-api,rps,183.33
2026-09-14T09:10:00Z,inventory-api,cpu_pct,34.16
2026-09-14T09:10:00Z,inventory-api,memory_pct,56.79
2026-09-14T09:10:00Z,inventory-api,latency_p99_ms,150.01
2026-09-14T09:10:00Z,inventory-api,error_rate_pct,0.09
2026-09-14T09:10:00Z,inventory-api,rps,178.56
2026-09-14T09:11:00Z,inventory-api,cpu_pct,36.65
2026-09-14T09:11:00Z,inventory-api,memory_pct,56.54
2026-09-14T09:11:00Z,inventory-api,latency_p99_ms,145.73
2026-09-14T09:11:00Z,inventory-api,error_rate_pct,0.13
2026-09-14T09:11:00Z,inventory-api,rps,172.83
2026-09-14T09:12:00Z,inventory-api,cpu_pct,33.98
2026-09-14T09:12:00Z,inventory-api,memory_pct,56.99
2026-09-14T09:12:00Z,inventory-api,latency_p99_ms,155.19
2026-09-14T09:12:00Z,inventory-api,error_rate_pct,0.11
2026-09-14T09:12:00Z,inventory-api,rps,180.13
2026-09-14T09:13:00Z,inventory-api,cpu_pct,37.57
2026-09-14T09:13:00Z,inventory-api,memory_pct,56.60
2026-09-14T09:13:00Z,inventory-api,latency_p99_ms,141.55
2026-09-14T09:13:00Z,inventory-api,error_rate_pct,0.10
2026-09-14T09:13:00Z,inventory-api,rps,182.06
2026-09-14T09:14:00Z,inventory-api,cpu_pct,34.01
2026-09-14T09:14:00Z,inventory-api,memory_pct,55.68
2026-09-14T09:14:00Z,inventory-api,latency_p99_ms,163.13
2026-09-14T09:14:00Z,inventory-api,error_rate_pct,0.11
2026-09-14T09:14:00Z,inventory-api,rps,179.84
2026-09-14T09:15:00Z,inventory-api,cpu_pct,34.79
2026-09-14T09:15:00Z,inventory-api,memory_pct,57.79
2026-09-14T09:15:00Z,inventory-api,latency_p99_ms,163.72
2026-09-14T09:15:00Z,inventory-api,error_rate_pct,0.12
2026-09-14T09:15:00Z,inventory-api,rps,173.19
2026-09-14T09:16:00Z,inventory-api,cpu_pct,32.57
2026-09-14T09:16:00Z,inventory-api,memory_pct,56.51
2026-09-14T09:16:00Z,inventory-api,latency_p99_ms,137.03
2026-09-14T09:16:00Z,inventory-api,error_rate_pct,0.10
2026-09-14T09:16:00Z,inventory-api,rps,181.12
2026-09-14T09:17:00Z,inventory-api,cpu_pct,34.18
2026-09-14T09:17:00Z,inventory-api,memory_pct,56.99
2026-09-14T09:17:00Z,inventory-api,latency_p99_ms,159.83
2026-09-14T09:17:00Z,inventory-api,error_rate_pct,0.08
2026-09-14T09:17:00Z,inventory-api,rps,180.16
2026-09-14T09:18:00Z,inventory-api,cpu_pct,34.24
2026-09-14T09:18:00Z,inventory-api,memory_pct,57.98
2026-09-14T09:18:00Z,inventory-api,latency_p99_ms,141.75
2026-09-14T09:18:00Z,inventory-api,error_rate_pct,0.09
2026-09-14T09:18:00Z,inventory-api,rps,184.73
2026-09-14T09:19:00Z,inventory-api,cpu_pct,37.34
2026-09-14T09:19:00Z,inventory-api,memory_pct,57.87
2026-09-14T09:19:00Z,inventory-api,latency_p99_ms,142.22
2026-09-14T09:19:00Z,inventory-api,error_rate_pct,0.12
2026-09-14T09:19:00Z,inventory-api,rps,180.87
2026-09-14T09:20:00Z,inventory-api,cpu_pct,37.67
2026-09-14T09:20:00Z,inventory-api,memory_pct,57.64
2026-09-14T09:20:00Z,inventory-api,latency_p99_ms,157.93
2026-09-14T09:20:00Z,inventory-api,error_rate_pct,0.07
2026-09-14T09:20:00Z,inventory-api,rps,187.50
2026-09-14T09:21:00Z,inventory-api,cpu_pct,36.53
2026-09-14T09:21:00Z,inventory-api,memory_pct,58.20
2026-09-14T09:21:00Z,inventory-api,latency_p99_ms,162.16
2026-09-14T09:21:00Z,inventory-api,error_rate_pct,0.09
2026-09-14T09:21:00Z,inventory-api,rps,172.65
2026-09-14T09:22:00Z,inventory-api,cpu_pct,32.18
2026-09-14T09:22:00Z,inventory-api,memory_pct,58.02
2026-09-14T09:22:00Z,inventory-api,latency_p99_ms,146.40
2026-09-14T09:22:00Z,inventory-api,error_rate_pct,0.13
2026-09-14T09:22:00Z,inventory-api,rps,174.93
2026-09-14T09:23:00Z,inventory-api,cpu_pct,33.62
2026-09-14T09:23:00Z,inventory-api,memory_pct,57.82
2026-09-14T09:23:00Z,inventory-api,latency_p99_ms,145.84
2026-09-14T09:23:00Z,inventory-api,error_rate_pct,0.10
2026-09-14T09:23:00Z,inventory-api,rps,175.47
2026-09-14T09:24:00Z,inventory-api,cpu_pct,34.37
2026-09-14T09:24:00Z,inventory-api,memory_pct,59.26
2026-09-14T09:24:00Z,inventory-api,latency_p99_ms,153.18
2026-09-14T09:24:00Z,inventory-api,error_rate_pct,0.08
2026-09-14T09:24:00Z,inventory-api,rps,183.76
2026-09-14T09:25:00Z,inventory-api,cpu_pct,36.12
2026-09-14T09:25:00Z,inventory-api,memory_pct,59.25
2026-09-14T09:25:00Z,inventory-api,latency_p99_ms,148.37
2026-09-14T09:25:00Z,inventory-api,error_rate_pct,0.08
2026-09-14T09:25:00Z,inventory-api,rps,179.30
2026-09-14T09:26:00Z,inventory-api,cpu_pct,37.73
2026-09-14T09:26:00Z,inventory-api,memory_pct,59.52
2026-09-14T09:26:00Z,inventory-api,latency_p99_ms,139.72
2026-09-14T09:26:00Z,inventory-api,error_rate_pct,0.08
2026-09-14T09:26:00Z,inventory-api,rps,173.20
2026-09-14T09:27:00Z,inventory-api,cpu_pct,35.99
2026-09-14T09:27:00Z,inventory-api,memory_pct,59.75
2026-09-14T09:27:00Z,inventory-api,latency_p99_ms,136.86
2026-09-14T09:27:00Z,inventory-api,error_rate_pct,0.10
2026-09-14T09:27:00Z,inventory-api,rps,176.76
2026-09-14T09:28:00Z,inventory-api,cpu_pct,34.25
2026-09-14T09:28:00Z,inventory-api,memory_pct,59.97
2026-09-14T09:28:00Z,inventory-api,latency_p99_ms,138.86
2026-09-14T09:28:00Z,inventory-api,error_rate_pct,0.09
2026-09-14T09:28:00Z,inventory-api,rps,180.44
2026-09-14T09:29:00Z,inventory-api,cpu_pct,35.53
2026-09-14T09:29:00Z,inventory-api,memory_pct,60.48
2026-09-14T09:29:00Z,inventory-api,latency_p99_ms,142.43
2026-09-14T09:29:00Z,inventory-api,error_rate_pct,0.09
2026-09-14T09:29:00Z,inventory-api,rps,172.33
2026-09-14T09:30:00Z,inventory-api,cpu_pct,33.69
2026-09-14T09:30:00Z,inventory-api,memory_pct,59.96
2026-09-14T09:30:00Z,inventory-api,latency_p99_ms,138.18
2026-09-14T09:30:00Z,inventory-api,error_rate_pct,0.09
2026-09-14T09:30:00Z,inventory-api,rps,175.91
2026-09-14T09:31:00Z,inventory-api,cpu_pct,36.35
2026-09-14T09:31:00Z,inventory-api,memory_pct,60.88
2026-09-14T09:31:00Z,inventory-api,latency_p99_ms,141.88
2026-09-14T09:31:00Z,inventory-api,error_rate_pct,0.11
2026-09-14T09:31:00Z,inventory-api,rps,178.50
2026-09-14T09:32:00Z,inventory-api,cpu_pct,32.83
2026-09-14T09:32:00Z,inventory-api,memory_pct,59.19
2026-09-14T09:32:00Z,inventory-api,latency_p99_ms,136.61
2026-09-14T09:32:00Z,inventory-api,error_rate_pct,0.10
2026-09-14T09:32:00Z,inventory-api,rps,181.40
2026-09-14T09:33:00Z,inventory-api,cpu_pct,32.14
2026-09-14T09:33:00Z,inventory-api,memory_pct,60.25
2026-09-14T09:33:00Z,inventory-api,latency_p99_ms,142.83
2026-09-14T09:33:00Z,inventory-api,error_rate_pct,0.13
2026-09-14T09:33:00Z,inventory-api,rps,177.56
2026-09-14T09:34:00Z,inventory-api,cpu_pct,35.89
2026-09-14T09:34:00Z,inventory-api,memory_pct,60.98
2026-09-14T09:34:00Z,inventory-api,latency_p99_ms,158.53
2026-09-14T09:34:00Z,inventory-api,error_rate_pct,0.07
2026-09-14T09:34:00Z,inventory-api,rps,187.07
2026-09-14T09:35:00Z,inventory-api,cpu_pct,33.08
2026-09-14T09:35:00Z,inventory-api,memory_pct,60.16
2026-09-14T09:35:00Z,inventory-api,latency_p99_ms,160.16
2026-09-14T09:35:00Z,inventory-api,error_rate_pct,0.11
2026-09-14T09:35:00Z,inventory-api,rps,176.99
2026-09-14T09:36:00Z,inventory-api,cpu_pct,36.12
2026-09-14T09:36:00Z,inventory-api,memory_pct,61.69
2026-09-14T09:36:00Z,inventory-api,latency_p99_ms,137.77
2026-09-14T09:36:00Z,inventory-api,error_rate_pct,0.10
2026-09-14T09:36:00Z,inventory-api,rps,182.53
2026-09-14T09:37:00Z,inventory-api,cpu_pct,34.97
2026-09-14T09:37:00Z,inventory-api,memory_pct,61.50
2026-09-14T09:37:00Z,inventory-api,latency_p99_ms,163.74
2026-09-14T09:37:00Z,inventory-api,error_rate_pct,0.09
2026-09-14T09:37:00Z,inventory-api,rps,186.80
2026-09-14T09:38:00Z,inventory-api,cpu_pct,34.44
2026-09-14T09:38:00Z,inventory-api,memory_pct,62.14
2026-09-14T09:38:00Z,inventory-api,latency_p99_ms,155.06
2026-09-14T09:38:00Z,inventory-api,error_rate_pct,0.10
2026-09-14T09:38:00Z,inventory-api,rps,174.11
2026-09-14T09:39:00Z,inventory-api,cpu_pct,36.36
2026-09-14T09:39:00Z,inventory-api,memory_pct,61.13
2026-09-14T09:39:00Z,inventory-api,latency_p99_ms,152.21
2026-09-14T09:39:00Z,inventory-api,error_rate_pct,0.10
2026-09-14T09:39:00Z,inventory-api,rps,187.45
2026-09-14T09:40:00Z,inventory-api,cpu_pct,32.20
2026-09-14T09:40:00Z,inventory-api,memory_pct,60.78
2026-09-14T09:40:00Z,inventory-api,latency_p99_ms,163.68
2026-09-14T09:40:00Z,inventory-api,error_rate_pct,0.11
2026-09-14T09:40:00Z,inventory-api,rps,182.01
2026-09-14T09:41:00Z,inventory-api,cpu_pct,37.53
2026-09-14T09:41:00Z,inventory-api,memory_pct,62.70
2026-09-14T09:41:00Z,inventory-api,latency_p99_ms,154.33
2026-09-14T09:41:00Z,inventory-api,error_rate_pct,0.11
2026-09-14T09:41:00Z,inventory-api,rps,180.96
2026-09-14T09:42:00Z,inventory-api,cpu_pct,32.60
2026-09-14T09:42:00Z,inventory-api,memory_pct,61.67
2026-09-14T09:42:00Z,inventory-api,latency_p99_ms,137.42
2026-09-14T09:42:00Z,inventory-api,error_rate_pct,0.08
2026-09-14T09:42:00Z,inventory-api,rps,181.18
2026-09-14T09:43:00Z,inventory-api,cpu_pct,32.07
2026-09-14T09:43:00Z,inventory-api,memory_pct,62.93
2026-09-14T09:43:00Z,inventory-api,latency_p99_ms,152.88
2026-09-14T09:43:00Z,inventory-api,error_rate_pct,0.08
2026-09-14T09:43:00Z,inventory-api,rps,176.97
2026-09-14T09:44:00Z,inventory-api,cpu_pct,33.38
2026-09-14T09:44:00Z,inventory-api,memory_pct,61.97
2026-09-14T09:44:00Z,inventory-api,latency_p99_ms,157.21
2026-09-14T09:44:00Z,inventory-api,error_rate_pct,0.12
2026-09-14T09:44:00Z,inventory-api,rps,172.76
2026-09-14T09:45:00Z,inventory-api,cpu_pct,36.85
2026-09-14T09:45:00Z,inventory-api,memory_pct,62.12
2026-09-14T09:45:00Z,inventory-api,latency_p99_ms,164.60
2026-09-14T09:45:00Z,inventory-api,error_rate_pct,0.10
2026-09-14T09:45:00Z,inventory-api,rps,180.87
2026-09-14T09:46:00Z,inventory-api,cpu_pct,32.99
2026-09-14T09:46:00Z,inventory-api,memory_pct,62.21
2026-09-14T09:46:00Z,inventory-api,latency_p99_ms,155.60
2026-09-14T09:46:00Z,inventory-api,error_rate_pct,0.09
2026-09-14T09:46:00Z,inventory-api,rps,176.28
2026-09-14T09:47:00Z,inventory-api,cpu_pct,34.41
2026-09-14T09:47:00Z,inventory-api,memory_pct,63.91
2026-09-14T09:47:00Z,inventory-api,latency_p99_ms,146.45
2026-09-14T09:47:00Z,inventory-api,error_rate_pct,0.12
2026-09-14T09:47:00Z,inventory-api,rps,182.78
2026-09-14T09:48:00Z,inventory-api,cpu_pct,33.66
2026-09-14T09:48:00Z,inventory-api,memory_pct,63.58
2026-09-14T09:48:00Z,inventory-api,latency_p99_ms,148.08
2026-09-14T09:48:00Z,inventory-api,error_rate_pct,0.12
2026-09-14T09:48:00Z,inventory-api,rps,184.04
2026-09-14T09:49:00Z,inventory-api,cpu_pct,37.87
2026-09-14T09:49:00Z,inventory-api,memory_pct,62.56
2026-09-14T09:49:00Z,inventory-api,latency_p99_ms,147.56
2026-09-14T09:49:00Z,inventory-api,error_rate_pct,0.12
2026-09-14T09:49:00Z,inventory-api,rps,183.84
2026-09-14T09:50:00Z,inventory-api,cpu_pct,33.16
2026-09-14T09:50:00Z,inventory-api,memory_pct,64.38
2026-09-14T09:50:00Z,inventory-api,latency_p99_ms,143.17
2026-09-14T09:50:00Z,inventory-api,error_rate_pct,0.10
2026-09-14T09:50:00Z,inventory-api,rps,174.48
2026-09-14T09:51:00Z,inventory-api,cpu_pct,33.63
2026-09-14T09:51:00Z,inventory-api,memory_pct,64.19
2026-09-14T09:51:00Z,inventory-api,latency_p99_ms,153.83
2026-09-14T09:51:00Z,inventory-api,error_rate_pct,0.10
2026-09-14T09:51:00Z,inventory-api,rps,187.03
2026-09-14T09:52:00Z,inventory-api,cpu_pct,32.17
2026-09-14T09:52:00Z,inventory-api,memory_pct,63.64
2026-09-14T09:52:00Z,inventory-api,latency_p99_ms,164.76
2026-09-14T09:52:00Z,inventory-api,error_rate_pct,0.11
2026-09-14T09:52:00Z,inventory-api,rps,185.35
2026-09-14T09:53:00Z,inventory-api,cpu_pct,34.40
2026-09-14T09:53:00Z,inventory-api,memory_pct,65.08
2026-09-14T09:53:00Z,inventory-api,latency_p99_ms,158.90
2026-09-14T09:53:00Z,inventory-api,error_rate_pct,0.10
2026-09-14T09:53:00Z,inventory-api,rps,172.95
2026-09-14T09:54:00Z,inventory-api,cpu_pct,37.20
2026-09-14T09:54:00Z,inventory-api,memory_pct,63.91
2026-09-14T09:54:00Z,inventory-api,latency_p99_ms,141.51
2026-09-14T09:54:00Z,inventory-api,error_rate_pct,0.09
2026-09-14T09:54:00Z,inventory-api,rps,179.34
2026-09-14T09:55:00Z,inventory-api,cpu_pct,36.26
2026-09-14T09:55:00Z,inventory-api,memory_pct,65.33
2026-09-14T09:55:00Z,inventory-api,latency_p99_ms,135.75
2026-09-14T09:55:00Z,inventory-api,error_rate_pct,0.12
2026-09-14T09:55:00Z,inventory-api,rps,180.26
2026-09-14T09:56:00Z,inventory-api,cpu_pct,37.35
2026-09-14T09:56:00Z,inventory-api,memory_pct,65.13
2026-09-14T09:56:00Z,inventory-api,latency_p99_ms,157.15
2026-09-14T09:56:00Z,inventory-api,error_rate_pct,0.13
2026-09-14T09:56:00Z,inventory-api,rps,178.05
2026-09-14T09:57:00Z,inventory-api,cpu_pct,37.92
2026-09-14T09:57:00Z,inventory-api,memory_pct,64.65
2026-09-14T09:57:00Z,inventory-api,latency_p99_ms,158.49
2026-09-14T09:57:00Z,inventory-api,error_rate_pct,0.12
2026-09-14T09:57:00Z,inventory-api,rps,172.54
2026-09-14T09:58:00Z,inventory-api,cpu_pct,35.88
2026-09-14T09:58:00Z,inventory-api,memory_pct,64.58
2026-09-14T09:58:00Z,inventory-api,latency_p99_ms,163.76
2026-09-14T09:58:00Z,inventory-api,error_rate_pct,0.07
2026-09-14T09:58:00Z,inventory-api,rps,186.37
2026-09-14T09:59:00Z,inventory-api,cpu_pct,36.50
2026-09-14T09:59:00Z,inventory-api,memory_pct,64.57
2026-09-14T09:59:00Z,inventory-api,latency_p99_ms,150.73
2026-09-14T09:59:00Z,inventory-api,error_rate_pct,0.10
2026-09-14T09:59:00Z,inventory-api,rps,186.12
2026-09-14T10:00:00Z,inventory-api,cpu_pct,37.73
2026-09-14T10:00:00Z,inventory-api,memory_pct,64.75
2026-09-14T10:00:00Z,inventory-api,latency_p99_ms,137.31
2026-09-14T10:00:00Z,inventory-api,error_rate_pct,0.08
2026-09-14T10:00:00Z,inventory-api,rps,181.30
2026-09-14T10:01:00Z,inventory-api,cpu_pct,33.24
2026-09-14T10:01:00Z,inventory-api,memory_pct,66.85
2026-09-14T10:01:00Z,inventory-api,latency_p99_ms,143.15
2026-09-14T10:01:00Z,inventory-api,error_rate_pct,0.12
2026-09-14T10:01:00Z,inventory-api,rps,187.97
2026-09-14T10:02:00Z,inventory-api,cpu_pct,36.80
2026-09-14T10:02:00Z,inventory-api,memory_pct,65.61
2026-09-14T10:02:00Z,inventory-api,latency_p99_ms,147.40
2026-09-14T10:02:00Z,inventory-api,error_rate_pct,0.10
2026-09-14T10:02:00Z,inventory-api,rps,179.22
2026-09-14T10:03:00Z,inventory-api,cpu_pct,35.20
2026-09-14T10:03:00Z,inventory-api,memory_pct,67.20
2026-09-14T10:03:00Z,inventory-api,latency_p99_ms,140.83
2026-09-14T10:03:00Z,inventory-api,error_rate_pct,0.11
2026-09-14T10:03:00Z,inventory-api,rps,176.50
2026-09-14T10:04:00Z,inventory-api,cpu_pct,32.99
2026-09-14T10:04:00Z,inventory-api,memory_pct,66.75
2026-09-14T10:04:00Z,inventory-api,latency_p99_ms,138.18
2026-09-14T10:04:00Z,inventory-api,error_rate_pct,0.10
2026-09-14T10:04:00Z,inventory-api,rps,175.65
2026-09-14T10:05:00Z,inventory-api,cpu_pct,32.45
2026-09-14T10:05:00Z,inventory-api,memory_pct,66.47
2026-09-14T10:05:00Z,inventory-api,latency_p99_ms,156.45
2026-09-14T10:05:00Z,inventory-api,error_rate_pct,0.09
2026-09-14T10:05:00Z,inventory-api,rps,176.05
2026-09-14T10:06:00Z,inventory-api,cpu_pct,33.28
2026-09-14T10:06:00Z,inventory-api,memory_pct,67.07
2026-09-14T10:06:00Z,inventory-api,latency_p99_ms,154.76
2026-09-14T10:06:00Z,inventory-api,error_rate_pct,0.10
2026-09-14T10:06:00Z,inventory-api,rps,177.93
2026-09-14T10:07:00Z,inventory-api,cpu_pct,37.74
2026-09-14T10:07:00Z,inventory-api,memory_pct,66.67
2026-09-14T10:07:00Z,inventory-api,latency_p99_ms,135.62
2026-09-14T10:07:00Z,inventory-api,error_rate_pct,0.09
2026-09-14T10:07:00Z,inventory-api,rps,181.92
2026-09-14T10:08:00Z,inventory-api,cpu_pct,37.67
2026-09-14T10:08:00Z,inventory-api,memory_pct,67.45
2026-09-14T10:08:00Z,inventory-api,latency_p99_ms,145.51
2026-09-14T10:08:00Z,inventory-api,error_rate_pct,0.11
2026-09-14T10:08:00Z,inventory-api,rps,185.86
2026-09-14T10:09:00Z,inventory-api,cpu_pct,34.64
2026-09-14T10:09:00Z,inventory-api,memory_pct,67.23
2026-09-14T10:09:00Z,inventory-api,latency_p99_ms,147.88
2026-09-14T10:09:00Z,inventory-api,error_rate_pct,0.10
2026-09-14T10:09:00Z,inventory-api,rps,184.38
2026-09-14T10:10:00Z,inventory-api,cpu_pct,35.40
2026-09-14T10:10:00Z,inventory-api,memory_pct,66.81
2026-09-14T10:10:00Z,inventory-api,latency_p99_ms,144.09
2026-09-14T10:10:00Z,inventory-api,error_rate_pct,0.08
2026-09-14T10:10:00Z,inventory-api,rps,185.22
2026-09-14T10:11:00Z,inventory-api,cpu_pct,34.26
2026-09-14T10:11:00Z,inventory-api,memory_pct,67.07
2026-09-14T10:11:00Z,inventory-api,latency_p99_ms,147.15
2026-09-14T10:11:00Z,inventory-api,error_rate_pct,0.11
2026-09-14T10:11:00Z,inventory-api,rps,172.30
2026-09-14T10:12:00Z,inventory-api,cpu_pct,36.43
2026-09-14T10:12:00Z,inventory-api,memory_pct,68.86
2026-09-14T10:12:00Z,inventory-api,latency_p99_ms,158.95
2026-09-14T10:12:00Z,inventory-api,error_rate_pct,0.11
2026-09-14T10:12:00Z,inventory-api,rps,175.57
2026-09-14T10:13:00Z,inventory-api,cpu_pct,33.13
2026-09-14T10:13:00Z,inventory-api,memory_pct,67.27
2026-09-14T10:13:00Z,inventory-api,latency_p99_ms,144.78
2026-09-14T10:13:00Z,inventory-api,error_rate_pct,0.07
2026-09-14T10:13:00Z,inventory-api,rps,187.38
2026-09-14T10:14:00Z,inventory-api,cpu_pct,37.34
2026-09-14T10:14:00Z,inventory-api,memory_pct,68.47
2026-09-14T10:14:00Z,inventory-api,latency_p99_ms,139.13
2026-09-14T10:14:00Z,inventory-api,error_rate_pct,0.11
2026-09-14T10:14:00Z,inventory-api,rps,186.58
2026-09-14T10:15:00Z,inventory-api,cpu_pct,36.72
2026-09-14T10:15:00Z,inventory-api,memory_pct,67.65
2026-09-14T10:15:00Z,inventory-api,latency_p99_ms,149.78
2026-09-14T10:15:00Z,inventory-api,error_rate_pct,0.07
2026-09-14T10:15:00Z,inventory-api,rps,178.11
2026-09-14T10:16:00Z,inventory-api,cpu_pct,34.79
2026-09-14T10:16:00Z,inventory-api,memory_pct,69.68
2026-09-14T10:16:00Z,inventory-api,latency_p99_ms,161.20
2026-09-14T10:16:00Z,inventory-api,error_rate_pct,0.12
2026-09-14T10:16:00Z,inventory-api,rps,182.11
2026-09-14T10:17:00Z,inventory-api,cpu_pct,33.68
2026-09-14T10:17:00Z,inventory-api,memory_pct,68.16
2026-09-14T10:17:00Z,inventory-api,latency_p99_ms,154.31
2026-09-14T10:17:00Z,inventory-api,error_rate_pct,0.10
2026-09-14T10:17:00Z,inventory-api,rps,174.54
2026-09-14T10:18:00Z,inventory-api,cpu_pct,36.53
2026-09-14T10:18:00Z,inventory-api,memory_pct,69.15
2026-09-14T10:18:00Z,inventory-api,latency_p99_ms,163.85
2026-09-14T10:18:00Z,inventory-api,error_rate_pct,0.10
2026-09-14T10:18:00Z,inventory-api,rps,178.73
2026-09-14T10:19:00Z,inventory-api,cpu_pct,34.96
2026-09-14T10:19:00Z,inventory-api,memory_pct,69.21
2026-09-14T10:19:00Z,inventory-api,latency_p99_ms,142.69
2026-09-14T10:19:00Z,inventory-api,error_rate_pct,0.09
2026-09-14T10:19:00Z,inventory-api,rps,180.86
2026-09-14T10:20:00Z,inventory-api,cpu_pct,35.53
2026-09-14T10:20:00Z,inventory-api,memory_pct,69.90
2026-09-14T10:20:00Z,inventory-api,latency_p99_ms,150.86
2026-09-14T10:20:00Z,inventory-api,error_rate_pct,0.11
2026-09-14T10:20:00Z,inventory-api,rps,187.61
2026-09-14T10:21:00Z,inventory-api,cpu_pct,34.85
2026-09-14T10:21:00Z,inventory-api,memory_pct,70.19
2026-09-14T10:21:00Z,inventory-api,latency_p99_ms,158.23
2026-09-14T10:21:00Z,inventory-api,error_rate_pct,0.09
2026-09-14T10:21:00Z,inventory-api,rps,178.01
2026-09-14T10:22:00Z,inventory-api,cpu_pct,34.21
2026-09-14T10:22:00Z,inventory-api,memory_pct,69.91
2026-09-14T10:22:00Z,inventory-api,latency_p99_ms,155.04
2026-09-14T10:22:00Z,inventory-api,error_rate_pct,0.10
2026-09-14T10:22:00Z,inventory-api,rps,173.14
2026-09-14T10:23:00Z,inventory-api,cpu_pct,34.29
2026-09-14T10:23:00Z,inventory-api,memory_pct,69.32
2026-09-14T10:23:00Z,inventory-api,latency_p99_ms,141.55
2026-09-14T10:23:00Z,inventory-api,error_rate_pct,0.09
2026-09-14T10:23:00Z,inventory-api,rps,180.34
2026-09-14T10:24:00Z,inventory-api,cpu_pct,33.77
2026-09-14T10:24:00Z,inventory-api,memory_pct,69.53
2026-09-14T10:24:00Z,inventory-api,latency_p99_ms,140.40
2026-09-14T10:24:00Z,inventory-api,error_rate_pct,0.09
2026-09-14T10:24:00Z,inventory-api,rps,182.81
2026-09-14T10:25:00Z,inventory-api,cpu_pct,37.14
2026-09-14T10:25:00Z,inventory-api,memory_pct,69.84
2026-09-14T10:25:00Z,inventory-api,latency_p99_ms,142.30
2026-09-14T10:25:00Z,inventory-api,error_rate_pct,0.08
2026-09-14T10:25:00Z,inventory-api,rps,175.03
2026-09-14T10:26:00Z,inventory-api,cpu_pct,34.41
2026-09-14T10:26:00Z,inventory-api,memory_pct,71.39
2026-09-14T10:26:00Z,inventory-api,latency_p99_ms,146.64
2026-09-14T10:26:00Z,inventory-api,error_rate_pct,0.08
2026-09-14T10:26:00Z,inventory-api,rps,184.88
2026-09-14T10:27:00Z,inventory-api,cpu_pct,35.57
2026-09-14T10:27:00Z,inventory-api,memory_pct,71.51
2026-09-14T10:27:00Z,inventory-api,latency_p99_ms,154.61
2026-09-14T10:27:00Z,inventory-api,error_rate_pct,0.08
2026-09-14T10:27:00Z,inventory-api,rps,182.42
2026-09-14T10:28:00Z,inventory-api,cpu_pct,36.65
2026-09-14T10:28:00Z,inventory-api,memory_pct,70.44
2026-09-14T10:28:00Z,inventory-api,latency_p99_ms,158.63
2026-09-14T10:28:00Z,inventory-api,error_rate_pct,0.11
2026-09-14T10:28:00Z,inventory-api,rps,174.92
2026-09-14T10:29:00Z,inventory-api,cpu_pct,32.83
2026-09-14T10:29:00Z,inventory-api,memory_pct,70.99
2026-09-14T10:29:00Z,inventory-api,latency_p99_ms,144.62
2026-09-14T10:29:00Z,inventory-api,error_rate_pct,0.10
2026-09-14T10:29:00Z,inventory-api,rps,181.20
2026-09-14T10:30:00Z,inventory-api,cpu_pct,33.03
2026-09-14T10:30:00Z,inventory-api,memory_pct,71.06
2026-09-14T10:30:00Z,inventory-api,latency_p99_ms,145.56
2026-09-14T10:30:00Z,inventory-api,error_rate_pct,0.08
2026-09-14T10:30:00Z,inventory-api,rps,174.54
2026-09-14T10:31:00Z,inventory-api,cpu_pct,32.98
2026-09-14T10:31:00Z,inventory-api,memory_pct,71.56
2026-09-14T10:31:00Z,inventory-api,latency_p99_ms,151.30
2026-09-14T10:31:00Z,inventory-api,error_rate_pct,0.11
2026-09-14T10:31:00Z,inventory-api,rps,176.78
2026-09-14T10:32:00Z,inventory-api,cpu_pct,35.40
2026-09-14T10:32:00Z,inventory-api,memory_pct,72.62
2026-09-14T10:32:00Z,inventory-api,latency_p99_ms,152.00
2026-09-14T10:32:00Z,inventory-api,error_rate_pct,0.10
2026-09-14T10:32:00Z,inventory-api,rps,173.79
2026-09-14T10:33:00Z,inventory-api,cpu_pct,36.22
2026-09-14T10:33:00Z,inventory-api,memory_pct,71.72
2026-09-14T10:33:00Z,inventory-api,latency_p99_ms,161.17
2026-09-14T10:33:00Z,inventory-api,error_rate_pct,0.10
2026-09-14T10:33:00Z,inventory-api,rps,175.59
2026-09-14T10:34:00Z,inventory-api,cpu_pct,36.78
2026-09-14T10:34:00Z,inventory-api,memory_pct,71.41
2026-09-14T10:34:00Z,inventory-api,latency_p99_ms,140.75
2026-09-14T10:34:00Z,inventory-api,error_rate_pct,0.07
2026-09-14T10:34:00Z,inventory-api,rps,174.41
2026-09-14T10:35:00Z,inventory-api,cpu_pct,37.42
2026-09-14T10:35:00Z,inventory-api,memory_pct,72.07
2026-09-14T10:35:00Z,inventory-api,latency_p99_ms,140.67
2026-09-14T10:35:00Z,inventory-api,error_rate_pct,0.13
2026-09-14T10:35:00Z,inventory-api,rps,186.07
2026-09-14T10:36:00Z,inventory-api,cpu_pct,35.21
2026-09-14T10:36:00Z,inventory-api,memory_pct,72.94
2026-09-14T10:36:00Z,inventory-api,latency_p99_ms,137.59
2026-09-14T10:36:00Z,inventory-api,error_rate_pct,0.07
2026-09-14T10:36:00Z,inventory-api,rps,183.25
2026-09-14T10:37:00Z,inventory-api,cpu_pct,34.80
2026-09-14T10:37:00Z,inventory-api,memory_pct,72.99
2026-09-14T10:37:00Z,inventory-api,latency_p99_ms,158.16
2026-09-14T10:37:00Z,inventory-api,error_rate_pct,0.10
2026-09-14T10:37:00Z,inventory-api,rps,179.78
2026-09-14T10:38:00Z,inventory-api,cpu_pct,37.65
2026-09-14T10:38:00Z,inventory-api,memory_pct,73.92
2026-09-14T10:38:00Z,inventory-api,latency_p99_ms,154.99
2026-09-14T10:38:00Z,inventory-api,error_rate_pct,0.08
2026-09-14T10:38:00Z,inventory-api,rps,178.17
2026-09-14T10:39:00Z,inventory-api,cpu_pct,32.12
2026-09-14T10:39:00Z,inventory-api,memory_pct,72.39
2026-09-14T10:39:00Z,inventory-api,latency_p99_ms,140.24
2026-09-14T10:39:00Z,inventory-api,error_rate_pct,0.08
2026-09-14T10:39:00Z,inventory-api,rps,175.55
2026-09-14T10:40:00Z,inventory-api,cpu_pct,36.11
2026-09-14T10:40:00Z,inventory-api,memory_pct,72.66
2026-09-14T10:40:00Z,inventory-api,latency_p99_ms,158.44
2026-09-14T10:40:00Z,inventory-api,error_rate_pct,0.11
2026-09-14T10:40:00Z,inventory-api,rps,175.07
2026-09-14T10:41:00Z,inventory-api,cpu_pct,35.27
2026-09-14T10:41:00Z,inventory-api,memory_pct,74.06
2026-09-14T10:41:00Z,inventory-api,latency_p99_ms,140.56
2026-09-14T10:41:00Z,inventory-api,error_rate_pct,0.08
2026-09-14T10:41:00Z,inventory-api,rps,187.73
2026-09-14T10:42:00Z,inventory-api,cpu_pct,35.00
2026-09-14T10:42:00Z,inventory-api,memory_pct,73.63
2026-09-14T10:42:00Z,inventory-api,latency_p99_ms,159.11
2026-09-14T10:42:00Z,inventory-api,error_rate_pct,0.10
2026-09-14T10:42:00Z,inventory-api,rps,175.37
2026-09-14T10:43:00Z,inventory-api,cpu_pct,36.35
2026-09-14T10:43:00Z,inventory-api,memory_pct,74.44
2026-09-14T10:43:00Z,inventory-api,latency_p99_ms,164.10
2026-09-14T10:43:00Z,inventory-api,error_rate_pct,0.09
2026-09-14T10:43:00Z,inventory-api,rps,175.73
2026-09-14T10:44:00Z,inventory-api,cpu_pct,36.98
2026-09-14T10:44:00Z,inventory-api,memory_pct,73.51
2026-09-14T10:44:00Z,inventory-api,latency_p99_ms,147.49
2026-09-14T10:44:00Z,inventory-api,error_rate_pct,0.11
2026-09-14T10:44:00Z,inventory-api,rps,173.48
2026-09-14T10:45:00Z,inventory-api,cpu_pct,35.34
2026-09-14T10:45:00Z,inventory-api,memory_pct,74.45
2026-09-14T10:45:00Z,inventory-api,latency_p99_ms,141.78
2026-09-14T10:45:00Z,inventory-api,error_rate_pct,0.08
2026-09-14T10:45:00Z,inventory-api,rps,178.51
2026-09-14T10:46:00Z,inventory-api,cpu_pct,32.18
2026-09-14T10:46:00Z,inventory-api,memory_pct,74.18
2026-09-14T10:46:00Z,inventory-api,latency_p99_ms,157.29
2026-09-14T10:46:00Z,inventory-api,error_rate_pct,0.08
2026-09-14T10:46:00Z,inventory-api,rps,179.09
2026-09-14T10:47:00Z,inventory-api,cpu_pct,35.35
2026-09-14T10:47:00Z,inventory-api,memory_pct,74.83
2026-09-14T10:47:00Z,inventory-api,latency_p99_ms,151.25
2026-09-14T10:47:00Z,inventory-api,error_rate_pct,0.10
2026-09-14T10:47:00Z,inventory-api,rps,174.45
2026-09-14T10:48:00Z,inventory-api,cpu_pct,34.55
2026-09-14T10:48:00Z,inventory-api,memory_pct,75.78
2026-09-14T10:48:00Z,inventory-api,latency_p99_ms,155.64
2026-09-14T10:48:00Z,inventory-api,error_rate_pct,0.13
2026-09-14T10:48:00Z,inventory-api,rps,173.96
2026-09-14T10:49:00Z,inventory-api,cpu_pct,36.78
2026-09-14T10:49:00Z,inventory-api,memory_pct,74.56
2026-09-14T10:49:00Z,inventory-api,latency_p99_ms,164.58
2026-09-14T10:49:00Z,inventory-api,error_rate_pct,0.12
2026-09-14T10:49:00Z,inventory-api,rps,173.85
2026-09-14T10:50:00Z,inventory-api,cpu_pct,37.52
2026-09-14T10:50:00Z,inventory-api,memory_pct,76.25
2026-09-14T10:50:00Z,inventory-api,latency_p99_ms,153.30
2026-09-14T10:50:00Z,inventory-api,error_rate_pct,0.09
2026-09-14T10:50:00Z,inventory-api,rps,187.30
2026-09-14T10:51:00Z,inventory-api,cpu_pct,34.94
2026-09-14T10:51:00Z,inventory-api,memory_pct,75.57
2026-09-14T10:51:00Z,inventory-api,latency_p99_ms,142.89
2026-09-14T10:51:00Z,inventory-api,error_rate_pct,0.10
2026-09-14T10:51:00Z,inventory-api,rps,172.88
2026-09-14T10:52:00Z,inventory-api,cpu_pct,33.07
2026-09-14T10:52:00Z,inventory-api,memory_pct,75.25
2026-09-14T10:52:00Z,inventory-api,latency_p99_ms,148.89
2026-09-14T10:52:00Z,inventory-api,error_rate_pct,0.08
2026-09-14T10:52:00Z,inventory-api,rps,173.30
2026-09-14T10:53:00Z,inventory-api,cpu_pct,36.99
2026-09-14T10:53:00Z,inventory-api,memory_pct,75.84
2026-09-14T10:53:00Z,inventory-api,latency_p99_ms,163.19
2026-09-14T10:53:00Z,inventory-api,error_rate_pct,0.12
2026-09-14T10:53:00Z,inventory-api,rps,172.80
2026-09-14T10:54:00Z,inventory-api,cpu_pct,32.76
2026-09-14T10:54:00Z,inventory-api,memory_pct,75.45
2026-09-14T10:54:00Z,inventory-api,latency_p99_ms,145.57
2026-09-14T10:54:00Z,inventory-api,error_rate_pct,0.12
2026-09-14T10:54:00Z,inventory-api,rps,175.54
2026-09-14T10:55:00Z,inventory-api,cpu_pct,37.46
2026-09-14T10:55:00Z,inventory-api,memory_pct,75.64
2026-09-14T10:55:00Z,inventory-api,latency_p99_ms,162.40
2026-09-14T10:55:00Z,inventory-api,error_rate_pct,0.08
2026-09-14T10:55:00Z,inventory-api,rps,178.44
2026-09-14T10:56:00Z,inventory-api,cpu_pct,34.27
2026-09-14T10:56:00Z,inventory-api,memory_pct,76.56
2026-09-14T10:56:00Z,inventory-api,latency_p99_ms,144.70
2026-09-14T10:56:00Z,inventory-api,error_rate_pct,0.09
2026-09-14T10:56:00Z,inventory-api,rps,178.49
2026-09-14T10:57:00Z,inventory-api,cpu_pct,35.39
2026-09-14T10:57:00Z,inventory-api,memory_pct,76.91
2026-09-14T10:57:00Z,inventory-api,latency_p99_ms,149.75
2026-09-14T10:57:00Z,inventory-api,error_rate_pct,0.10
2026-09-14T10:57:00Z,inventory-api,rps,183.01
2026-09-14T10:58:00Z,inventory-api,cpu_pct,35.28
2026-09-14T10:58:00Z,inventory-api,memory_pct,76.66
2026-09-14T10:58:00Z,inventory-api,latency_p99_ms,161.02
2026-09-14T10:58:00Z,inventory-api,error_rate_pct,0.10
2026-09-14T10:58:00Z,inventory-api,rps,175.66
2026-09-14T10:59:00Z,inventory-api,cpu_pct,35.27
2026-09-14T10:59:00Z,inventory-api,memory_pct,77.19
2026-09-14T10:59:00Z,inventory-api,latency_p99_ms,140.43
2026-09-14T10:59:00Z,inventory-api,error_rate_pct,0.08
2026-09-14T10:59:00Z,inventory-api,rps,180.00
2026-09-14T11:00:00Z,inventory-api,cpu_pct,37.04
2026-09-14T11:00:00Z,inventory-api,memory_pct,77.58
2026-09-14T11:00:00Z,inventory-api,latency_p99_ms,160.37
2026-09-14T11:00:00Z,inventory-api,error_rate_pct,0.10
2026-09-14T11:00:00Z,inventory-api,rps,174.27
2026-09-14T11:01:00Z,inventory-api,cpu_pct,37.48
2026-09-14T11:01:00Z,inventory-api,memory_pct,77.59
2026-09-14T11:01:00Z,inventory-api,latency_p99_ms,142.03
2026-09-14T11:01:00Z,inventory-api,error_rate_pct,0.10
2026-09-14T11:01:00Z,inventory-api,rps,185.62
2026-09-14T11:02:00Z,inventory-api,cpu_pct,36.13
2026-09-14T11:02:00Z,inventory-api,memory_pct,77.49
2026-09-14T11:02:00Z,inventory-api,latency_p99_ms,135.92
2026-09-14T11:02:00Z,inventory-api,error_rate_pct,0.08
2026-09-14T11:02:00Z,inventory-api,rps,172.63
2026-09-14T11:03:00Z,inventory-api,cpu_pct,34.87
2026-09-14T11:03:00Z,inventory-api,memory_pct,78.42
2026-09-14T11:03:00Z,inventory-api,latency_p99_ms,151.25
2026-09-14T11:03:00Z,inventory-api,error_rate_pct,0.13
2026-09-14T11:03:00Z,inventory-api,rps,172.96
2026-09-14T11:04:00Z,inventory-api,cpu_pct,35.79
2026-09-14T11:04:00Z,inventory-api,memory_pct,77.31
2026-09-14T11:04:00Z,inventory-api,latency_p99_ms,147.97
2026-09-14T11:04:00Z,inventory-api,error_rate_pct,0.10
2026-09-14T11:04:00Z,inventory-api,rps,175.07
2026-09-14T11:05:00Z,inventory-api,cpu_pct,36.96
2026-09-14T11:05:00Z,inventory-api,memory_pct,77.81
2026-09-14T11:05:00Z,inventory-api,latency_p99_ms,154.56
2026-09-14T11:05:00Z,inventory-api,error_rate_pct,0.13
2026-09-14T11:05:00Z,inventory-api,rps,174.89
2026-09-14T11:06:00Z,inventory-api,cpu_pct,34.72
2026-09-14T11:06:00Z,inventory-api,memory_pct,79.49
2026-09-14T11:06:00Z,inventory-api,latency_p99_ms,140.34
2026-09-14T11:06:00Z,inventory-api,error_rate_pct,0.09
2026-09-14T11:06:00Z,inventory-api,rps,181.50
2026-09-14T11:07:00Z,inventory-api,cpu_pct,35.54
2026-09-14T11:07:00Z,inventory-api,memory_pct,78.56
2026-09-14T11:07:00Z,inventory-api,latency_p99_ms,139.49
2026-09-14T11:07:00Z,inventory-api,error_rate_pct,0.11
2026-09-14T11:07:00Z,inventory-api,rps,183.48
2026-09-14T11:08:00Z,inventory-api,cpu_pct,37.67
2026-09-14T11:08:00Z,inventory-api,memory_pct,79.71
2026-09-14T11:08:00Z,inventory-api,latency_p99_ms,153.54
2026-09-14T11:08:00Z,inventory-api,error_rate_pct,0.10
2026-09-14T11:08:00Z,inventory-api,rps,185.01
2026-09-14T11:09:00Z,inventory-api,cpu_pct,37.87
2026-09-14T11:09:00Z,inventory-api,memory_pct,78.65
2026-09-14T11:09:00Z,inventory-api,latency_p99_ms,135.82
2026-09-14T11:09:00Z,inventory-api,error_rate_pct,0.12
2026-09-14T11:09:00Z,inventory-api,rps,181.39
2026-09-14T11:10:00Z,inventory-api,cpu_pct,35.50
2026-09-14T11:10:00Z,inventory-api,memory_pct,79.05
2026-09-14T11:10:00Z,inventory-api,latency_p99_ms,150.39
2026-09-14T11:10:00Z,inventory-api,error_rate_pct,0.12
2026-09-14T11:10:00Z,inventory-api,rps,176.10
2026-09-14T11:11:00Z,inventory-api,cpu_pct,36.38
2026-09-14T11:11:00Z,inventory-api,memory_pct,80.13
2026-09-14T11:11:00Z,inventory-api,latency_p99_ms,137.68
2026-09-14T11:11:00Z,inventory-api,error_rate_pct,0.10
2026-09-14T11:11:00Z,inventory-api,rps,178.59
2026-09-14T11:12:00Z,inventory-api,cpu_pct,32.54
2026-09-14T11:12:00Z,inventory-api,memory_pct,80.45
2026-09-14T11:12:00Z,inventory-api,latency_p99_ms,149.63
2026-09-14T11:12:00Z,inventory-api,error_rate_pct,0.11
2026-09-14T11:12:00Z,inventory-api,rps,182.23
2026-09-14T11:13:00Z,inventory-api,cpu_pct,34.97
2026-09-14T11:13:00Z,inventory-api,memory_pct,79.12
2026-09-14T11:13:00Z,inventory-api,latency_p99_ms,158.65
2026-09-14T11:13:00Z,inventory-api,error_rate_pct,0.12
2026-09-14T11:13:00Z,inventory-api,rps,181.42
2026-09-14T11:14:00Z,inventory-api,cpu_pct,33.47
2026-09-14T11:14:00Z,inventory-api,memory_pct,80.42
2026-09-14T11:14:00Z,inventory-api,latency_p99_ms,157.40
2026-09-14T11:14:00Z,inventory-api,error_rate_pct,0.11
2026-09-14T11:14:00Z,inventory-api,rps,179.61
2026-09-14T11:15:00Z,inventory-api,cpu_pct,35.92
2026-09-14T11:15:00Z,inventory-api,memory_pct,80.80
2026-09-14T11:15:00Z,inventory-api,latency_p99_ms,161.26
2026-09-14T11:15:00Z,inventory-api,error_rate_pct,0.12
2026-09-14T11:15:00Z,inventory-api,rps,174.54
2026-09-14T11:16:00Z,inventory-api,cpu_pct,37.34
2026-09-14T11:16:00Z,inventory-api,memory_pct,80.53
2026-09-14T11:16:00Z,inventory-api,latency_p99_ms,154.17
2026-09-14T11:16:00Z,inventory-api,error_rate_pct,0.09
2026-09-14T11:16:00Z,inventory-api,rps,174.96
2026-09-14T11:17:00Z,inventory-api,cpu_pct,34.05
2026-09-14T11:17:00Z,inventory-api,memory_pct,80.19
2026-09-14T11:17:00Z,inventory-api,latency_p99_ms,142.05
2026-09-14T11:17:00Z,inventory-api,error_rate_pct,0.12
2026-09-14T11:17:00Z,inventory-api,rps,173.49
2026-09-14T11:18:00Z,inventory-api,cpu_pct,36.72
2026-09-14T11:18:00Z,inventory-api,memory_pct,80.32
2026-09-14T11:18:00Z,inventory-api,latency_p99_ms,151.10
2026-09-14T11:18:00Z,inventory-api,error_rate_pct,0.11
2026-09-14T11:18:00Z,inventory-api,rps,178.58
2026-09-14T11:19:00Z,inventory-api,cpu_pct,35.07
2026-09-14T11:19:00Z,inventory-api,memory_pct,80.91
2026-09-14T11:19:00Z,inventory-api,latency_p99_ms,146.13
2026-09-14T11:19:00Z,inventory-api,error_rate_pct,0.08
2026-09-14T11:19:00Z,inventory-api,rps,187.05
2026-09-14T11:20:00Z,inventory-api,cpu_pct,37.15
2026-09-14T11:20:00Z,inventory-api,memory_pct,80.91
2026-09-14T11:20:00Z,inventory-api,latency_p99_ms,147.67
2026-09-14T11:20:00Z,inventory-api,error_rate_pct,0.07
2026-09-14T11:20:00Z,inventory-api,rps,174.88
2026-09-14T11:21:00Z,inventory-api,cpu_pct,35.42
2026-09-14T11:21:00Z,inventory-api,memory_pct,81.01
2026-09-14T11:21:00Z,inventory-api,latency_p99_ms,140.72
2026-09-14T11:21:00Z,inventory-api,error_rate_pct,0.07
2026-09-14T11:21:00Z,inventory-api,rps,177.40
2026-09-14T11:22:00Z,inventory-api,cpu_pct,35.77
2026-09-14T11:22:00Z,inventory-api,memory_pct,81.50
2026-09-14T11:22:00Z,inventory-api,latency_p99_ms,139.59
2026-09-14T11:22:00Z,inventory-api,error_rate_pct,0.10
2026-09-14T11:22:00Z,inventory-api,rps,182.58
2026-09-14T11:23:00Z,inventory-api,cpu_pct,33.32
2026-09-14T11:23:00Z,inventory-api,memory_pct,81.15
2026-09-14T11:23:00Z,inventory-api,latency_p99_ms,161.55
2026-09-14T11:23:00Z,inventory-api,error_rate_pct,0.08
2026-09-14T11:23:00Z,inventory-api,rps,186.81
2026-09-14T11:24:00Z,inventory-api,cpu_pct,36.37
2026-09-14T11:24:00Z,inventory-api,memory_pct,81.43
2026-09-14T11:24:00Z,inventory-api,latency_p99_ms,148.96
2026-09-14T11:24:00Z,inventory-api,error_rate_pct,0.10
2026-09-14T11:24:00Z,inventory-api,rps,184.65
2026-09-14T11:25:00Z,inventory-api,cpu_pct,35.72
2026-09-14T11:25:00Z,inventory-api,memory_pct,82.26
2026-09-14T11:25:00Z,inventory-api,latency_p99_ms,163.48
2026-09-14T11:25:00Z,inventory-api,error_rate_pct,0.09
2026-09-14T11:25:00Z,inventory-api,rps,176.68
2026-09-14T11:26:00Z,inventory-api,cpu_pct,37.10
2026-09-14T11:26:00Z,inventory-api,memory_pct,81.90
2026-09-14T11:26:00Z,inventory-api,latency_p99_ms,153.72
2026-09-14T11:26:00Z,inventory-api,error_rate_pct,0.09
2026-09-14T11:26:00Z,inventory-api,rps,178.49
2026-09-14T11:27:00Z,inventory-api,cpu_pct,35.88
2026-09-14T11:27:00Z,inventory-api,memory_pct,83.70
2026-09-14T11:27:00Z,inventory-api,latency_p99_ms,154.29
2026-09-14T11:27:00Z,inventory-api,error_rate_pct,0.08
2026-09-14T11:27:00Z,inventory-api,rps,181.17
2026-09-14T11:28:00Z,inventory-api,cpu_pct,37.55
2026-09-14T11:28:00Z,inventory-api,memory_pct,83.08
2026-09-14T11:28:00Z,inventory-api,latency_p99_ms,149.42
2026-09-14T11:28:00Z,inventory-api,error_rate_pct,0.08
2026-09-14T11:28:00Z,inventory-api,rps,177.73
2026-09-14T11:29:00Z,inventory-api,cpu_pct,33.45
2026-09-14T11:29:00Z,inventory-api,memory_pct,83.87
2026-09-14T11:29:00Z,inventory-api,latency_p99_ms,159.95
2026-09-14T11:29:00Z,inventory-api,error_rate_pct,0.10
2026-09-14T11:29:00Z,inventory-api,rps,178.81
2026-09-14T11:30:00Z,inventory-api,cpu_pct,35.77
2026-09-14T11:30:00Z,inventory-api,memory_pct,82.29
2026-09-14T11:30:00Z,inventory-api,latency_p99_ms,141.18
2026-09-14T11:30:00Z,inventory-api,error_rate_pct,0.10
2026-09-14T11:30:00Z,inventory-api,rps,187.81
2026-09-14T11:31:00Z,inventory-api,cpu_pct,32.23
2026-09-14T11:31:00Z,inventory-api,memory_pct,83.97
2026-09-14T11:31:00Z,inventory-api,latency_p99_ms,144.62
2026-09-14T11:31:00Z,inventory-api,error_rate_pct,0.13
2026-09-14T11:31:00Z,inventory-api,rps,177.75
2026-09-14T11:32:00Z,inventory-api,cpu_pct,36.11
2026-09-14T11:32:00Z,inventory-api,memory_pct,83.06
2026-09-14T11:32:00Z,inventory-api,latency_p99_ms,163.24
2026-09-14T11:32:00Z,inventory-api,error_rate_pct,0.09
2026-09-14T11:32:00Z,inventory-api,rps,185.17
2026-09-14T11:33:00Z,inventory-api,cpu_pct,34.46
2026-09-14T11:33:00Z,inventory-api,memory_pct,83.35
2026-09-14T11:33:00Z,inventory-api,latency_p99_ms,156.42
2026-09-14T11:33:00Z,inventory-api,error_rate_pct,0.08
2026-09-14T11:33:00Z,inventory-api,rps,175.28
2026-09-14T11:34:00Z,inventory-api,cpu_pct,37.83
2026-09-14T11:34:00Z,inventory-api,memory_pct,83.79
2026-09-14T11:34:00Z,inventory-api,latency_p99_ms,141.67
2026-09-14T11:34:00Z,inventory-api,error_rate_pct,0.08
2026-09-14T11:34:00Z,inventory-api,rps,177.74
2026-09-14T11:35:00Z,inventory-api,cpu_pct,33.51
2026-09-14T11:35:00Z,inventory-api,memory_pct,83.87
2026-09-14T11:35:00Z,inventory-api,latency_p99_ms,146.07
2026-09-14T11:35:00Z,inventory-api,error_rate_pct,0.08
2026-09-14T11:35:00Z,inventory-api,rps,187.42
2026-09-14T11:36:00Z,inventory-api,cpu_pct,33.86
2026-09-14T11:36:00Z,inventory-api,memory_pct,84.76
2026-09-14T11:36:00Z,inventory-api,latency_p99_ms,146.30
2026-09-14T11:36:00Z,inventory-api,error_rate_pct,0.13
2026-09-14T11:36:00Z,inventory-api,rps,177.55
2026-09-14T11:37:00Z,inventory-api,cpu_pct,33.28
2026-09-14T11:37:00Z,inventory-api,memory_pct,84.45
2026-09-14T11:37:00Z,inventory-api,latency_p99_ms,142.55
2026-09-14T11:37:00Z,inventory-api,error_rate_pct,0.09
2026-09-14T11:37:00Z,inventory-api,rps,178.16
2026-09-14T11:38:00Z,inventory-api,cpu_pct,34.75
2026-09-14T11:38:00Z,inventory-api,memory_pct,84.59
2026-09-14T11:38:00Z,inventory-api,latency_p99_ms,153.42
2026-09-14T11:38:00Z,inventory-api,error_rate_pct,0.07
2026-09-14T11:38:00Z,inventory-api,rps,184.69
2026-09-14T11:39:00Z,inventory-api,cpu_pct,36.90
2026-09-14T11:39:00Z,inventory-api,memory_pct,85.00
2026-09-14T11:39:00Z,inventory-api,latency_p99_ms,142.97
2026-09-14T11:39:00Z,inventory-api,error_rate_pct,0.07
2026-09-14T11:39:00Z,inventory-api,rps,175.45
2026-09-14T11:40:00Z,inventory-api,cpu_pct,35.96
2026-09-14T11:40:00Z,inventory-api,memory_pct,85.02
2026-09-14T11:40:00Z,inventory-api,latency_p99_ms,158.37
2026-09-14T11:40:00Z,inventory-api,error_rate_pct,0.07
2026-09-14T11:40:00Z,inventory-api,rps,174.22
2026-09-14T11:41:00Z,inventory-api,cpu_pct,39.43
2026-09-14T11:41:00Z,inventory-api,memory_pct,85.26
2026-09-14T11:41:00Z,inventory-api,latency_p99_ms,153.10
2026-09-14T11:41:00Z,inventory-api,error_rate_pct,0.09
2026-09-14T11:41:00Z,inventory-api,rps,184.91
2026-09-14T11:42:00Z,inventory-api,cpu_pct,34.41
2026-09-14T11:42:00Z,inventory-api,memory_pct,85.26
2026-09-14T11:42:00Z,inventory-api,latency_p99_ms,152.48
2026-09-14T11:42:00Z,inventory-api,error_rate_pct,0.12
2026-09-14T11:42:00Z,inventory-api,rps,175.42
2026-09-14T11:43:00Z,inventory-api,cpu_pct,34.41
2026-09-14T11:43:00Z,inventory-api,memory_pct,85.86
2026-09-14T11:43:00Z,inventory-api,latency_p99_ms,164.61
2026-09-14T11:43:00Z,inventory-api,error_rate_pct,0.12
2026-09-14T11:43:00Z,inventory-api,rps,185.25
2026-09-14T11:44:00Z,inventory-api,cpu_pct,34.60
2026-09-14T11:44:00Z,inventory-api,memory_pct,85.97
2026-09-14T11:44:00Z,inventory-api,latency_p99_ms,163.92
2026-09-14T11:44:00Z,inventory-api,error_rate_pct,0.09
2026-09-14T11:44:00Z,inventory-api,rps,187.18
2026-09-14T11:45:00Z,inventory-api,cpu_pct,40.86
2026-09-14T11:45:00Z,inventory-api,memory_pct,86.03
2026-09-14T11:45:00Z,inventory-api,latency_p99_ms,136.91
2026-09-14T11:45:00Z,inventory-api,error_rate_pct,0.10
2026-09-14T11:45:00Z,inventory-api,rps,185.83
2026-09-14T11:46:00Z,inventory-api,cpu_pct,41.67
2026-09-14T11:46:00Z,inventory-api,memory_pct,86.68
2026-09-14T11:46:00Z,inventory-api,latency_p99_ms,142.60
2026-09-14T11:46:00Z,inventory-api,error_rate_pct,0.13
2026-09-14T11:46:00Z,inventory-api,rps,182.27
2026-09-14T11:47:00Z,inventory-api,cpu_pct,38.61
2026-09-14T11:47:00Z,inventory-api,memory_pct,86.04
2026-09-14T11:47:00Z,inventory-api,latency_p99_ms,143.24
2026-09-14T11:47:00Z,inventory-api,error_rate_pct,0.11
2026-09-14T11:47:00Z,inventory-api,rps,180.14
2026-09-14T11:48:00Z,inventory-api,cpu_pct,37.33
2026-09-14T11:48:00Z,inventory-api,memory_pct,86.47
2026-09-14T11:48:00Z,inventory-api,latency_p99_ms,162.16
2026-09-14T11:48:00Z,inventory-api,error_rate_pct,0.07
2026-09-14T11:48:00Z,inventory-api,rps,177.95
2026-09-14T11:49:00Z,inventory-api,cpu_pct,39.79
2026-09-14T11:49:00Z,inventory-api,memory_pct,86.22
2026-09-14T11:49:00Z,inventory-api,latency_p99_ms,156.54
2026-09-14T11:49:00Z,inventory-api,error_rate_pct,0.13
2026-09-14T11:49:00Z,inventory-api,rps,184.13
2026-09-14T11:50:00Z,inventory-api,cpu_pct,43.15
2026-09-14T11:50:00Z,inventory-api,memory_pct,87.32
2026-09-14T11:50:00Z,inventory-api,latency_p99_ms,147.77
2026-09-14T11:50:00Z,inventory-api,error_rate_pct,0.10
2026-09-14T11:50:00Z,inventory-api,rps,175.93
2026-09-14T11:51:00Z,inventory-api,cpu_pct,42.08
2026-09-14T11:51:00Z,inventory-api,memory_pct,86.61
2026-09-14T11:51:00Z,inventory-api,latency_p99_ms,147.88
2026-09-14T11:51:00Z,inventory-api,error_rate_pct,0.10
2026-09-14T11:51:00Z,inventory-api,rps,180.69
2026-09-14T11:52:00Z,inventory-api,cpu_pct,37.74
2026-09-14T11:52:00Z,inventory-api,memory_pct,87.82
2026-09-14T11:52:00Z,inventory-api,latency_p99_ms,154.26
2026-09-14T11:52:00Z,inventory-api,error_rate_pct,0.11
2026-09-14T11:52:00Z,inventory-api,rps,186.90
2026-09-14T11:53:00Z,inventory-api,cpu_pct,37.65
2026-09-14T11:53:00Z,inventory-api,memory_pct,87.39
2026-09-14T11:53:00Z,inventory-api,latency_p99_ms,138.65
2026-09-14T11:53:00Z,inventory-api,error_rate_pct,0.11
2026-09-14T11:53:00Z,inventory-api,rps,173.70
2026-09-14T11:54:00Z,inventory-api,cpu_pct,40.50
2026-09-14T11:54:00Z,inventory-api,memory_pct,88.44
2026-09-14T11:54:00Z,inventory-api,latency_p99_ms,250.61
2026-09-14T11:54:00Z,inventory-api,error_rate_pct,0.08
2026-09-14T11:54:00Z,inventory-api,rps,176.37
2026-09-14T11:55:00Z,inventory-api,cpu_pct,38.88
2026-09-14T11:55:00Z,inventory-api,memory_pct,88.25
2026-09-14T11:55:00Z,inventory-api,latency_p99_ms,152.68
2026-09-14T11:55:00Z,inventory-api,error_rate_pct,0.12
2026-09-14T11:55:00Z,inventory-api,rps,176.52
2026-09-14T11:56:00Z,inventory-api,cpu_pct,41.73
2026-09-14T11:56:00Z,inventory-api,memory_pct,87.59
2026-09-14T11:56:00Z,inventory-api,latency_p99_ms,240.94
2026-09-14T11:56:00Z,inventory-api,error_rate_pct,0.11
2026-09-14T11:56:00Z,inventory-api,rps,180.05
2026-09-14T11:57:00Z,inventory-api,cpu_pct,40.50
2026-09-14T11:57:00Z,inventory-api,memory_pct,89.56
2026-09-14T11:57:00Z,inventory-api,latency_p99_ms,143.36
2026-09-14T11:57:00Z,inventory-api,error_rate_pct,0.13
2026-09-14T11:57:00Z,inventory-api,rps,187.91
2026-09-14T11:58:00Z,inventory-api,cpu_pct,46.66
2026-09-14T11:58:00Z,inventory-api,memory_pct,87.81
2026-09-14T11:58:00Z,inventory-api,latency_p99_ms,245.47
2026-09-14T11:58:00Z,inventory-api,error_rate_pct,0.07
2026-09-14T11:58:00Z,inventory-api,rps,181.31
2026-09-14T11:59:00Z,inventory-api,cpu_pct,45.12
2026-09-14T11:59:00Z,inventory-api,memory_pct,89.55
2026-09-14T11:59:00Z,inventory-api,latency_p99_ms,190.19
2026-09-14T11:59:00Z,inventory-api,error_rate_pct,0.08
2026-09-14T11:59:00Z,inventory-api,rps,186.43
2026-09-14T12:00:00Z,inventory-api,cpu_pct,40.44
2026-09-14T12:00:00Z,inventory-api,memory_pct,89.67
2026-09-14T12:00:00Z,inventory-api,latency_p99_ms,244.01
2026-09-14T12:00:00Z,inventory-api,error_rate_pct,0.11
2026-09-14T12:00:00Z,inventory-api,rps,172.00
2026-09-14T12:01:00Z,inventory-api,cpu_pct,45.45
2026-09-14T12:01:00Z,inventory-api,memory_pct,88.58
2026-09-14T12:01:00Z,inventory-api,latency_p99_ms,240.18
2026-09-14T12:01:00Z,inventory-api,error_rate_pct,0.08
2026-09-14T12:01:00Z,inventory-api,rps,174.24
2026-09-14T12:02:00Z,inventory-api,cpu_pct,43.28
2026-09-14T12:02:00Z,inventory-api,memory_pct,89.32
2026-09-14T12:02:00Z,inventory-api,latency_p99_ms,263.47
2026-09-14T12:02:00Z,inventory-api,error_rate_pct,0.12
2026-09-14T12:02:00Z,inventory-api,rps,183.84
2026-09-14T12:03:00Z,inventory-api,cpu_pct,41.25
2026-09-14T12:03:00Z,inventory-api,memory_pct,90.09
2026-09-14T12:03:00Z,inventory-api,latency_p99_ms,285.62
2026-09-14T12:03:00Z,inventory-api,error_rate_pct,0.08
2026-09-14T12:03:00Z,inventory-api,rps,187.81
2026-09-14T12:04:00Z,inventory-api,cpu_pct,42.12
2026-09-14T12:04:00Z,inventory-api,memory_pct,89.54
2026-09-14T12:04:00Z,inventory-api,latency_p99_ms,341.67
2026-09-14T12:04:00Z,inventory-api,error_rate_pct,0.08
2026-09-14T12:04:00Z,inventory-api,rps,183.13
2026-09-14T12:05:00Z,inventory-api,cpu_pct,45.96
2026-09-14T12:05:00Z,inventory-api,memory_pct,90.84
2026-09-14T12:05:00Z,inventory-api,latency_p99_ms,266.76
2026-09-14T12:05:00Z,inventory-api,error_rate_pct,0.10
2026-09-14T12:05:00Z,inventory-api,rps,184.87
2026-09-14T12:06:00Z,inventory-api,cpu_pct,47.16
2026-09-14T12:06:00Z,inventory-api,memory_pct,89.43
2026-09-14T12:06:00Z,inventory-api,latency_p99_ms,374.73
2026-09-14T12:06:00Z,inventory-api,error_rate_pct,0.07
2026-09-14T12:06:00Z,inventory-api,rps,179.28
2026-09-14T12:07:00Z,inventory-api,cpu_pct,51.16
2026-09-14T12:07:00Z,inventory-api,memory_pct,89.65
2026-09-14T12:07:00Z,inventory-api,latency_p99_ms,341.68
2026-09-14T12:07:00Z,inventory-api,error_rate_pct,0.10
2026-09-14T12:07:00Z,inventory-api,rps,176.99
2026-09-14T12:08:00Z,inventory-api,cpu_pct,46.19
2026-09-14T12:08:00Z,inventory-api,memory_pct,91.05
2026-09-14T12:08:00Z,inventory-api,latency_p99_ms,340.24
2026-09-14T12:08:00Z,inventory-api,error_rate_pct,0.08
2026-09-14T12:08:00Z,inventory-api,rps,174.17
2026-09-14T12:09:00Z,inventory-api,cpu_pct,50.90
2026-09-14T12:09:00Z,inventory-api,memory_pct,90.57
2026-09-14T12:09:00Z,inventory-api,latency_p99_ms,440.45
2026-09-14T12:09:00Z,inventory-api,error_rate_pct,0.09
2026-09-14T12:09:00Z,inventory-api,rps,175.11
2026-09-14T12:10:00Z,inventory-api,cpu_pct,46.07
2026-09-14T12:10:00Z,inventory-api,memory_pct,90.42
2026-09-14T12:10:00Z,inventory-api,latency_p99_ms,457.66
2026-09-14T12:10:00Z,inventory-api,error_rate_pct,0.12
2026-09-14T12:10:00Z,inventory-api,rps,174.34
2026-09-14T12:11:00Z,inventory-api,cpu_pct,48.28
2026-09-14T12:11:00Z,inventory-api,memory_pct,91.97
2026-09-14T12:11:00Z,inventory-api,latency_p99_ms,492.78
2026-09-14T12:11:00Z,inventory-api,error_rate_pct,0.08
2026-09-14T12:11:00Z,inventory-api,rps,181.77
2026-09-14T12:12:00Z,inventory-api,cpu_pct,51.23
2026-09-14T12:12:00Z,inventory-api,memory_pct,92.45
2026-09-14T12:12:00Z,inventory-api,latency_p99_ms,490.62
2026-09-14T12:12:00Z,inventory-api,error_rate_pct,0.07
2026-09-14T12:12:00Z,inventory-api,rps,183.59
2026-09-14T12:13:00Z,inventory-api,cpu_pct,47.11
2026-09-14T12:13:00Z,inventory-api,memory_pct,92.34
2026-09-14T12:13:00Z,inventory-api,latency_p99_ms,449.45
2026-09-14T12:13:00Z,inventory-api,error_rate_pct,0.10
2026-09-14T12:13:00Z,inventory-api,rps,181.26
2026-09-14T12:14:00Z,inventory-api,cpu_pct,49.43
2026-09-14T12:14:00Z,inventory-api,memory_pct,92.74
2026-09-14T12:14:00Z,inventory-api,latency_p99_ms,534.83
2026-09-14T12:14:00Z,inventory-api,error_rate_pct,0.10
2026-09-14T12:14:00Z,inventory-api,rps,184.03
2026-09-14T12:15:00Z,inventory-api,cpu_pct,50.22
2026-09-14T12:15:00Z,inventory-api,memory_pct,91.27
2026-09-14T12:15:00Z,inventory-api,latency_p99_ms,591.98
2026-09-14T12:15:00Z,inventory-api,error_rate_pct,0.11
2026-09-14T12:15:00Z,inventory-api,rps,187.24
2026-09-14T12:16:00Z,inventory-api,cpu_pct,51.05
2026-09-14T12:16:00Z,inventory-api,memory_pct,92.27
2026-09-14T12:16:00Z,inventory-api,latency_p99_ms,580.38
2026-09-14T12:16:00Z,inventory-api,error_rate_pct,0.09
2026-09-14T12:16:00Z,inventory-api,rps,182.39
2026-09-14T12:17:00Z,inventory-api,cpu_pct,48.47
2026-09-14T12:17:00Z,inventory-api,memory_pct,93.16
2026-09-14T12:17:00Z,inventory-api,latency_p99_ms,550.57
2026-09-14T12:17:00Z,inventory-api,error_rate_pct,0.12
2026-09-14T12:17:00Z,inventory-api,rps,187.66
2026-09-14T12:18:00Z,inventory-api,cpu_pct,50.07
2026-09-14T12:18:00Z,inventory-api,memory_pct,93.39
2026-09-14T12:18:00Z,inventory-api,latency_p99_ms,605.54
2026-09-14T12:18:00Z,inventory-api,error_rate_pct,0.08
2026-09-14T12:18:00Z,inventory-api,rps,174.39
2026-09-14T12:19:00Z,inventory-api,cpu_pct,52.98
2026-09-14T12:19:00Z,inventory-api,memory_pct,93.42
2026-09-14T12:19:00Z,inventory-api,latency_p99_ms,535.56
2026-09-14T12:19:00Z,inventory-api,error_rate_pct,0.12
2026-09-14T12:19:00Z,inventory-api,rps,172.76
2026-09-14T12:20:00Z,inventory-api,cpu_pct,57.00
2026-09-14T12:20:00Z,inventory-api,memory_pct,92.86
2026-09-14T12:20:00Z,inventory-api,latency_p99_ms,571.06
2026-09-14T12:20:00Z,inventory-api,error_rate_pct,0.09
2026-09-14T12:20:00Z,inventory-api,rps,181.72
2026-09-14T12:21:00Z,inventory-api,cpu_pct,54.31
2026-09-14T12:21:00Z,inventory-api,memory_pct,93.25
2026-09-14T12:21:00Z,inventory-api,latency_p99_ms,623.98
2026-09-14T12:21:00Z,inventory-api,error_rate_pct,0.12
2026-09-14T12:21:00Z,inventory-api,rps,183.63
2026-09-14T12:22:00Z,inventory-api,cpu_pct,53.70
2026-09-14T12:22:00Z,inventory-api,memory_pct,93.08
2026-09-14T12:22:00Z,inventory-api,latency_p99_ms,577.59
2026-09-14T12:22:00Z,inventory-api,error_rate_pct,0.10
2026-09-14T12:22:00Z,inventory-api,rps,179.80
2026-09-14T12:23:00Z,inventory-api,cpu_pct,53.61
2026-09-14T12:23:00Z,inventory-api,memory_pct,93.93
2026-09-14T12:23:00Z,inventory-api,latency_p99_ms,655.97
2026-09-14T12:23:00Z,inventory-api,error_rate_pct,0.13
2026-09-14T12:23:00Z,inventory-api,rps,178.02
2026-09-14T12:24:00Z,inventory-api,cpu_pct,52.25
2026-09-14T12:24:00Z,inventory-api,memory_pct,92.99
2026-09-14T12:24:00Z,inventory-api,latency_p99_ms,645.28
2026-09-14T12:24:00Z,inventory-api,error_rate_pct,0.11
2026-09-14T12:24:00Z,inventory-api,rps,182.62
2026-09-14T12:25:00Z,inventory-api,cpu_pct,54.73
2026-09-14T12:25:00Z,inventory-api,memory_pct,94.56
2026-09-14T12:25:00Z,inventory-api,latency_p99_ms,718.79
2026-09-14T12:25:00Z,inventory-api,error_rate_pct,0.12
2026-09-14T12:25:00Z,inventory-api,rps,176.34
2026-09-14T12:26:00Z,inventory-api,cpu_pct,53.22
2026-09-14T12:26:00Z,inventory-api,memory_pct,94.97
2026-09-14T12:26:00Z,inventory-api,latency_p99_ms,628.12
2026-09-14T12:26:00Z,inventory-api,error_rate_pct,0.12
2026-09-14T12:26:00Z,inventory-api,rps,177.20
2026-09-14T12:27:00Z,inventory-api,cpu_pct,55.48
2026-09-14T12:27:00Z,inventory-api,memory_pct,95.27
2026-09-14T12:27:00Z,inventory-api,latency_p99_ms,810.60
2026-09-14T12:27:00Z,inventory-api,error_rate_pct,0.10
2026-09-14T12:27:00Z,inventory-api,rps,177.19
2026-09-14T12:28:00Z,inventory-api,cpu_pct,55.09
2026-09-14T12:28:00Z,inventory-api,memory_pct,94.70
2026-09-14T12:28:00Z,inventory-api,latency_p99_ms,699.68
2026-09-14T12:28:00Z,inventory-api,error_rate_pct,0.12
2026-09-14T12:28:00Z,inventory-api,rps,174.44
2026-09-14T12:29:00Z,inventory-api,cpu_pct,56.24
2026-09-14T12:29:00Z,inventory-api,memory_pct,94.00
2026-09-14T12:29:00Z,inventory-api,latency_p99_ms,836.52
2026-09-14T12:29:00Z,inventory-api,error_rate_pct,0.13
2026-09-14T12:29:00Z,inventory-api,rps,182.79
2026-09-14T12:30:00Z,inventory-api,cpu_pct,54.40
2026-09-14T12:30:00Z,inventory-api,memory_pct,96.04
2026-09-14T12:30:00Z,inventory-api,latency_p99_ms,706.37
2026-09-14T12:30:00Z,inventory-api,error_rate_pct,0.11
2026-09-14T12:30:00Z,inventory-api,rps,184.47
2026-09-14T12:31:00Z,inventory-api,cpu_pct,56.48
2026-09-14T12:31:00Z,inventory-api,memory_pct,96.06
2026-09-14T12:31:00Z,inventory-api,latency_p99_ms,834.16
2026-09-14T12:31:00Z,inventory-api,error_rate_pct,0.11
2026-09-14T12:31:00Z,inventory-api,rps,187.95
2026-09-14T12:32:00Z,inventory-api,cpu_pct,59.64
2026-09-14T12:32:00Z,inventory-api,memory_pct,96.40
2026-09-14T12:32:00Z,inventory-api,latency_p99_ms,884.16
2026-09-14T12:32:00Z,inventory-api,error_rate_pct,0.12
2026-09-14T12:32:00Z,inventory-api,rps,173.12
2026-09-14T12:33:00Z,inventory-api,cpu_pct,61.00
2026-09-14T12:33:00Z,inventory-api,memory_pct,95.00
2026-09-14T12:33:00Z,inventory-api,latency_p99_ms,795.99
2026-09-14T12:33:00Z,inventory-api,error_rate_pct,1.57
2026-09-14T12:33:00Z,inventory-api,rps,185.80
2026-09-14T12:34:00Z,inventory-api,cpu_pct,57.22
2026-09-14T12:34:00Z,inventory-api,memory_pct,96.26
2026-09-14T12:34:00Z,inventory-api,latency_p99_ms,782.09
2026-09-14T12:34:00Z,inventory-api,error_rate_pct,1.55
2026-09-14T12:34:00Z,inventory-api,rps,179.29
2026-09-14T12:35:00Z,inventory-api,cpu_pct,58.97
2026-09-14T12:35:00Z,inventory-api,memory_pct,96.65
2026-09-14T12:35:00Z,inventory-api,latency_p99_ms,930.46
2026-09-14T12:35:00Z,inventory-api,error_rate_pct,1.48
2026-09-14T12:35:00Z,inventory-api,rps,172.47
2026-09-14T12:36:00Z,inventory-api,cpu_pct,63.00
2026-09-14T12:36:00Z,inventory-api,memory_pct,96.28
2026-09-14T12:36:00Z,inventory-api,latency_p99_ms,849.17
2026-09-14T12:36:00Z,inventory-api,error_rate_pct,1.35
2026-09-14T12:36:00Z,inventory-api,rps,184.66
2026-09-14T12:37:00Z,inventory-api,cpu_pct,57.23
2026-09-14T12:37:00Z,inventory-api,memory_pct,96.95
2026-09-14T12:37:00Z,inventory-api,latency_p99_ms,866.47
2026-09-14T12:37:00Z,inventory-api,error_rate_pct,1.56
2026-09-14T12:37:00Z,inventory-api,rps,176.39
2026-09-14T12:38:00Z,inventory-api,cpu_pct,60.77
2026-09-14T12:38:00Z,inventory-api,memory_pct,96.08
2026-09-14T12:38:00Z,inventory-api,latency_p99_ms,895.60
2026-09-14T12:38:00Z,inventory-api,error_rate_pct,1.57
2026-09-14T12:38:00Z,inventory-api,rps,172.69
2026-09-14T12:39:00Z,inventory-api,cpu_pct,59.62
2026-09-14T12:39:00Z,inventory-api,memory_pct,96.68
2026-09-14T12:39:00Z,inventory-api,latency_p99_ms,896.19
2026-09-14T12:39:00Z,inventory-api,error_rate_pct,1.37
2026-09-14T12:39:00Z,inventory-api,rps,180.03
2026-09-14T12:40:00Z,inventory-api,cpu_pct,65.25
2026-09-14T12:40:00Z,inventory-api,memory_pct,97.26
2026-09-14T12:40:00Z,inventory-api,latency_p99_ms,1006.69
2026-09-14T12:40:00Z,inventory-api,error_rate_pct,1.44
2026-09-14T12:40:00Z,inventory-api,rps,175.43
2026-09-14T12:41:00Z,inventory-api,cpu_pct,57.81
2026-09-14T12:41:00Z,inventory-api,memory_pct,97.09
2026-09-14T12:41:00Z,inventory-api,latency_p99_ms,1035.65
2026-09-14T12:41:00Z,inventory-api,error_rate_pct,1.88
2026-09-14T12:41:00Z,inventory-api,rps,186.38
2026-09-14T12:42:00Z,inventory-api,cpu_pct,61.45
2026-09-14T12:42:00Z,inventory-api,memory_pct,96.93
2026-09-14T12:42:00Z,inventory-api,latency_p99_ms,1020.81
2026-09-14T12:42:00Z,inventory-api,error_rate_pct,1.46
2026-09-14T12:42:00Z,inventory-api,rps,184.01
2026-09-14T12:43:00Z,inventory-api,cpu_pct,63.82
2026-09-14T12:43:00Z,inventory-api,memory_pct,96.84
2026-09-14T12:43:00Z,inventory-api,latency_p99_ms,890.99
2026-09-14T12:43:00Z,inventory-api,error_rate_pct,1.50
2026-09-14T12:43:00Z,inventory-api,rps,176.31
2026-09-14T12:44:00Z,inventory-api,cpu_pct,65.37
2026-09-14T12:44:00Z,inventory-api,memory_pct,96.07
2026-09-14T12:44:00Z,inventory-api,latency_p99_ms,1033.10
2026-09-14T12:44:00Z,inventory-api,error_rate_pct,1.85
2026-09-14T12:44:00Z,inventory-api,rps,178.31
2026-09-14T12:45:00Z,inventory-api,cpu_pct,60.38
2026-09-14T12:45:00Z,inventory-api,memory_pct,97.20
2026-09-14T12:45:00Z,inventory-api,latency_p99_ms,992.48
2026-09-14T12:45:00Z,inventory-api,error_rate_pct,1.31
2026-09-14T12:45:00Z,inventory-api,rps,185.04
2026-09-14T12:46:00Z,inventory-api,cpu_pct,61.95
2026-09-14T12:46:00Z,inventory-api,memory_pct,97.22
2026-09-14T12:46:00Z,inventory-api,latency_p99_ms,903.13
2026-09-14T12:46:00Z,inventory-api,error_rate_pct,1.44
2026-09-14T12:46:00Z,inventory-api,rps,178.45
2026-09-14T12:47:00Z,inventory-api,cpu_pct,61.69
2026-09-14T12:47:00Z,inventory-api,memory_pct,97.22
2026-09-14T12:47:00Z,inventory-api,latency_p99_ms,1004.66
2026-09-14T12:47:00Z,inventory-api,error_rate_pct,1.80
2026-09-14T12:47:00Z,inventory-api,rps,176.40
2026-09-14T12:48:00Z,inventory-api,cpu_pct,63.69
2026-09-14T12:48:00Z,inventory-api,memory_pct,96.88
2026-09-14T12:48:00Z,inventory-api,latency_p99_ms,927.48
2026-09-14T12:48:00Z,inventory-api,error_rate_pct,1.72
2026-09-14T12:48:00Z,inventory-api,rps,183.12
2026-09-14T12:49:00Z,inventory-api,cpu_pct,62.43
2026-09-14T12:49:00Z,inventory-api,memory_pct,97.58
2026-09-14T12:49:00Z,inventory-api,latency_p99_ms,889.16
2026-09-14T12:49:00Z,inventory-api,error_rate_pct,1.87
2026-09-14T12:49:00Z,inventory-api,rps,172.03
2026-09-14T12:50:00Z,inventory-api,cpu_pct,61.49
2026-09-14T12:50:00Z,inventory-api,memory_pct,97.52
2026-09-14T12:50:00Z,inventory-api,latency_p99_ms,942.96
2026-09-14T12:50:00Z,inventory-api,error_rate_pct,1.84
2026-09-14T12:50:00Z,inventory-api,rps,178.72
